Title,Author,Score,Comments,URL,Date
Saw a piece of advertising history.,InvadingBacon,1835,35,https://i.redd.it/1dqjd4jkn6qc1.jpeg,2024-03-23 20:14:08
Found this advertisement today,Lxlith_s,14752,1214,https://www.reddit.com/gallery/u72rek,2022-04-19 06:19:51
PSP advertisement from the Netherlands,DevilUnknown17,9347,637,https://i.redd.it/cjerjwasljz81.jpg,2022-05-14 20:29:11
Fable • Xbox • 2004 • Advertisement,TurboTBag,5224,440,https://i.redd.it/9qo9rdzs7jja1.jpg,2023-02-21 02:02:26
90's Video-game Advertisement....,Cooper3b,25937,625,http://i.imgur.com/R7gHPYp.jpg,2017-05-30 00:34:51
90's Videogame Advertisement,Velock0009,9099,371,http://m.imgur.com/9ArZ4U2,2016-03-04 09:50:20
"“There’s no such thing as a Nintendo,” reads print advertisement from 1990.",jdmorgenstern,60239,2947,https://i.redd.it/0hav3h0fgmz81.jpg,2022-05-15 06:04:27
This ad is just... beautiful,csiramokus,48397,536,http://i.imgur.com/pDqoLVQ.jpg,2017-04-15 04:26:12
Interesting PSVITA advertisement.,jabnes,2604,110,https://i.redd.it/gax387wcu6v81.jpg,2022-04-22 21:17:32
Magazine Ad for Gameboy Advance SP,newtonic,9802,296,https://i.redd.it/kep39rvay2a81.jpg,2022-01-06 09:45:42
This ad for a mobile gardening game,Ghulam_Jewel,22181,758,https://gfycat.com/horribleglaringindochinahogdeer,2019-08-08 16:55:02
2004 Game Boy Advance Walmart ad,sworedmagic,21800,660,https://i.redd.it/rso02c11p9sc1.jpeg,2024-04-03 08:35:55
Great advertising,lostit311,21672,458,https://i.redd.it/q0lrmxjw5xc61.jpg,2021-01-22 12:32:22
2002 Sims 2 ad,sworedmagic,22076,583,https://i.redd.it/blq5est5cerb1.jpg,2023-09-30 08:39:45
Duke Nukem 3D • デュークヌケム3D • [MS-DOS AD • 1996],TurboTBag,3220,503,https://i.redd.it/rwnz4i10rx191.jpg,2022-05-26 22:11:38
This episode had to be the most successful advertisement ever for WoW,silentez,15638,466,https://i.redd.it/55uosm77rug01.jpg,2018-02-17 17:50:38
Spider Man 2 Marketing in Sydney (Australia),evilthing,14317,310,https://i.redd.it/tvxph6qao9vb1.jpg,2023-10-19 21:15:28
Advertisements in a $60 game,AmazinglyMagicToast,39252,4398,http://i.imgur.com/wspBuQt.jpg,2016-06-03 07:33:43
How to advertise memory cards,martinfisherman,42781,2088,https://i.redd.it/s7uasiqp5r4y.jpg,2016-12-20 11:57:15
"Graphics is not so good as advertised, new gen sucks",Responsible_Age_989,60369,1035,https://i.redd.it/dnn8ur1owcu91.jpg,2022-10-17 07:05:53
It's time to end false advertising.,whitethumbnails,22463,619,https://i.redd.it/cf8zb65qako61.png,2021-03-22 06:06:04
Didn't know guilt tripping was a new marketing strategy...,BigShotInTheSky,6118,170,https://i.redd.it/1nq1we7gnwny.png,2017-03-27 02:43:46
1998 N64 Expansion Pack Ad,sworedmagic,38048,1293,https://i.redd.it/xso3v1uef2v81.jpg,2022-04-22 06:26:40
"""Marketing Is Dead,"" Says Larian's Publishing Director (Michael Douse)",Statharas,3540,441,https://80.lv/articles/marketing-is-dead-says-larian-s-publishing-director/,2024-04-26 02:15:21
Xbox adds full-screen ad for COD on startup,willdearborn-,14064,1583,https://i.redd.it/uvos5zyxlzxb1.jpg,2023-11-02 14:37:03
XBOX marketing is unmatched,HaIfKakuja,8894,597,https://i.redd.it/vonj7dw7h1t71.jpg,2021-10-12 10:37:53
Umm is that a real time advertisement on my start screen?,justaguy300,2885,1334,http://i.imgur.com/XPqEuK7.jpg,2014-03-11 15:41:18
Purpose of bad players in mobile ads?,Pallysilverstar,538,217,https://www.reddit.com/r/gaming/comments/1bp75o2/purpose_of_bad_players_in_mobile_ads/,2024-03-27 12:10:13
Nintendo's advertising was much edgier in the 90's,Owlero,78038,2641,https://i.redd.it/caymhqptnk131.jpg,2019-05-31 11:17:43
This ad for the Nintendo Switch reveal is a callback to the first ad for the NES,triforce4ever,35359,1090,https://i.redd.it/slrwhzqoas8y.jpg,2017-01-09 20:03:51
"If XBOX wants to put advertisements on their dashboard, then users should not have to pay for XBOX Live.",wsomma,4229,1787,https://www.reddit.com/r/gaming/comments/n3jij/if_xbox_wants_to_put_advertisements_on_their/,2011-12-07 00:07:05
This Pornhub Ad,T-Dot1992,50254,1277,https://i.redd.it/vqg7vlc6w2n11.jpg,2018-09-18 18:05:58
"Hand painted advertising for ""God of War"", Bucharest 2022",Unboupeovacapeuntap,14124,248,https://i.redd.it/hwm3xlcql5z91.jpg,2022-11-10 06:52:47
Sony Paid 0$ to advertise the new controller all people are at home making memes and advertising,gogored1996,2866,230,https://i.redd.it/n3jl0h0vnyr41.jpg,2020-04-10 04:39:10
Monopoly Go Devs Spent More On Marketing Than It Cost To Develop The Last Of Us 2,StrngBrew,20002,1306,https://www.gamespot.com/articles/monopoly-go-devs-spent-more-on-marketing-than-it-cost-to-develop-the-last-of-us-2/1100-6521930/,2024-03-20 09:05:07
Cyberpunk ad crashed at the mall today,ptd666,83249,1629,https://i.redd.it/ih4dsmws1i861.jpg,2020-12-31 05:26:09
Whenever I see a gaming laptop advertisement,Eldrazi,1588,357,http://i.imgur.com/myT79.jpg,2012-09-12 10:04:44
Magazine Ad for Monster Rancher (PSX),FictionalNape,1598,179,https://i.redd.it/13r1a2ipdx9d1.jpeg,2024-07-01 10:26:30
Atari ad,iBakedGoods,20478,486,https://i.reddituploads.com/741b6f166f3d4440b9d9bef8c086bc1f?fit=max&h=1536&w=1536&s=6e33e80baef22a97e67431e9a591f08a,2016-10-18 18:39:48
Imagine the discourse this Tomb Raider print ad from 1996 would have caused today.,Buccura,1367,187,https://i.redd.it/037ahfq5rwkb1.jpg,2023-08-28 15:07:18
Some false advertising from a mobile game called War of Colony.,annon_tins,1531,199,https://i.redd.it/uqioykqlagbz.jpg,2017-07-23 21:22:33
"Original 2006 ad for Assassins creed, found in my old playstation magazines.",Groanius,6846,511,http://i.imgur.com/9r8BleE.jpg,2015-07-23 08:45:02
Paramount hired someone to paint the side of this building as an advertisement for the Halo series,luketansell,2567,275,https://www.reddit.com/gallery/u7n5bv,2022-04-19 22:25:59
A pretty interesting GameBoy advertisement I found.,Iguanabewithyou,2518,159,https://i.reddituploads.com/c3c4d13fb7494b9ebe3aaa1b6b09519e?fit=max&h=1536&w=1536&s=3e078c810cc58624cf4da727d0bdf23c,2016-08-08 04:33:37
2001 weekly Best Buy circular ad,sworedmagic,5799,549,https://www.reddit.com/gallery/ud1kyp,2022-04-27 06:43:21
"Why current games sucks: ""EA now typically spends two or three times as much on marketing and advertising as it does on developing a game.""",eks,559,357,http://games.venturebeat.com/2009/08/26/eas-chief-creative-officer-describes-game-industrys-re-engineering/,2009-08-31 06:12:19
How to properly advertise memory cards,OMGWTFTACOS,10704,535,http://imgur.com/VlEpfls,2014-11-09 00:15:50
Xbox 360 Launch Ad by Circuit City,YUGIOH-KINGOFGAMES,2218,366,https://i.redd.it/e830jscs7c1c1.png,2023-11-19 12:13:05
I paid $60 bucks to have advertisements in a game.,noshato,28045,3055,http://imgur.com/DRBOWnj,2015-09-13 04:03:26
back when Nintendo got their advertising (and their games) right.,tylenol_with_codeine,26108,1928,http://imgur.com/r4pNL3V,2016-06-26 08:07:32
Old GameCube ad,ttam23,16434,879,http://imgur.com/Tj4NnAD,2015-06-30 17:45:33
Old PC Game Ads were something else,tronx69,21724,586,https://i.redd.it/zj6p8xeq21xc1.jpeg,2024-04-27 08:57:23
This ad is just... beautiful,JosephHodge,78003,416,https://i.imgur.com/AObekDt.jpg,2018-06-01 19:41:25
This screen cleaner I bought on Amazon advertises the PSP,mtndrew97,23532,298,https://i.redd.it/g9gegfu168y51.jpg,2020-11-09 09:30:47
2000 Legend of Zelda Majoras Mask magazine ad,sworedmagic,11090,410,https://i.redd.it/u14yfs8wigw81.jpg,2022-04-29 06:55:16
"Xbox users call out Activision and Microsoft for ""vomit inducing"" full-screen Modern Warfare 3 ad",curious_zombie_,16807,1863,https://www.eurogamer.net/xbox-users-call-out-activision-and-microsoft-for-vomit-inducing-full-screen-modern-warfare-3-ad,2023-11-03 09:41:07
A Walmart ad for the Game Boy Advance SP (2004).,Alohaaa69,76732,1304,https://i.redd.it/00s8r3s2cha61.jpg,2021-01-10 05:10:12
"Oh Rockstar, GTAIV in game internet advertisement.",craayoons,1877,151,http://i.imgur.com/u6geYiB.jpg,2013-09-01 06:13:40
When Halo was Originally Advertised for Dreamcast,socialytes,3649,1194,http://farm3.static.flickr.com/2648/4018097501_f89ae5e8ca_b.jpg,2014-05-27 16:21:03
No Man’s Sky is being investigated by the Advertising Standards Authority,ClosingScroll,22823,2379,http://www.pcgamer.com/no-mans-sky-is-being-investigated-by-the-advertising-standards-authority/,2016-09-28 11:24:12
Banned PS Vita ad.,sebbysir,10261,616,http://i.imgur.com/Suu738t.jpg,2014-07-19 12:07:48
Totally not marketing M-rated games to kids...,ackstazya,13370,922,http://i.imgur.com/RY8UOxR.jpg,2017-01-27 07:33:45
Call of Duty advertisements seem like a fucking parody of themselves.,grimpunch,20335,1473,http://imgur.com/vxEAgOD,2014-11-02 13:15:46
"Insomniac's marketing for Spiderman PS4 is ""amazing""",BroncosoJR,11143,422,https://i.redd.it/j8b218ff1gh11.jpg,2018-08-21 07:53:31
I wish they still advertised games like this,xdbuttocks2,8516,195,https://i.redd.it/j86gp3j70mk51.jpg,2020-09-01 17:05:08
An old Nintendo Ad I found,sibewolf,15626,981,http://i.imgur.com/6iwsm0h.jpg,2015-02-16 13:03:16
Easily the most misleading advertising campaign in the history of gaming.,PaperkutRob,13370,1336,http://imgur.com/a/oYyfL,2014-07-23 06:36:33
Nintendo has always been great about advertising their consoles,benbrm,12071,500,http://i.imgur.com/AAd7r7P.jpg,2014-10-04 09:10:35
Finally an ad I won't skip.,lyon1x,17616,706,http://imgur.com/YQylHPY,2015-06-04 13:16:07
Roku is looking to integrate ads into third party devices on their TVs. The ads would play on your gaming consoles when you pause the game you are playing,Seigmoraig,9407,1346,https://www.engadget.com/roku-looks-into-serving-you-ads-on-whatever-you-plug-into-its-tvs-120016754.html?src=rss&guccounter=1,2024-04-05 10:57:00
[E3 2014] Early Xbox One building advertisement spotted,vikmourne,1297,204,http://i.imgur.com/RgMgGPi.png,2014-06-01 13:14:48
The 3dfx pc accelerator ad,codestormer,2341,102,https://i.redd.it/zz5olf7f4eub1.jpg,2023-10-15 11:08:46
Legend of Zelda: Ocarina of Time preorder advertisement (1998),Seraphenigma,750,79,https://i.redd.it/wm0ehiz8fs3a1.jpg,2022-12-03 15:53:57
People are saying these are hard to find? Found a good deal at a flea market. You just have to know where to look. Git gud,ramrodddddd,8955,471,https://i.redd.it/119wo3ntg4y81.jpg,2022-05-07 16:30:32
An ad I'll never forget.,jbird221,10797,241,https://imgur.com/zv0EryW,2019-12-15 02:39:00
Housing market is fucked in Spider-Man too,fullthrottlebhole,16037,797,https://i.redd.it/1tud8cpp3svb1.jpg,2023-10-22 11:13:55
Ubisoft Allegedly Interrupts Gameplay with Pop-Up Ads,Apprehensive_Rip3203,12333,1412,https://80.lv/articles/ubisoft-allegedly-interrupts-gameplay-with-pop-up-ads/,2023-11-24 03:47:47
"You know the gaming industry is a wreck when ""No Microtransactions"" is a being used for marketing...",Christianckc,43924,1320,https://i.redd.it/c6uewhzb7yh91.png,2022-08-15 16:49:38
Felt like the Fortnite Crossplay ad was missing something...,Damiascus,20486,1144,https://i.redd.it/o7ojsd481g511.png,2018-06-21 19:03:20
I added a gliding ability and now I don't get any work done on the game,whaleodevs,36546,820,https://i.imgur.com/pYzO63n.gifv,2018-12-03 09:45:59
Deadpool 2's marketing campaign continues!,HendRix14,9067,189,https://i.redd.it/8wjxomgal9y01.png,2018-05-16 13:54:41
Stevie wonder Atari advertisment from 1977,EKtoker,2735,457,http://i.imgur.com/UzyAH5Z.jpg,2014-04-30 15:50:52
Old Nintendo GameCube Ad,TheKingOfKolo,8363,326,https://i.redd.it/zex7ic3cxrez.jpg,2017-08-09 15:42:18
"Good Advertising, Microsoft.",wadwarfy,1698,362,http://imgur.com/ntUDEjZ,2013-11-14 14:13:25
Great marketing Microsoft...,Kioseth,1980,623,http://imgur.com/Rg7QBpZ,2013-09-15 10:19:54
90s Toys R Us Holiday Ad,iBleeedorange,6327,758,http://imgur.com/a/0U1qk,2014-07-27 12:15:17
Suicide Squad and No Man's Sky prove 'false advertising' sells,thefallafelman,3675,808,http://www.independent.co.uk/arts-entertainment/films/features/suicide-squad-and-no-mans-sky-prove-false-advertising-sells-a7218731.html,2016-09-01 10:06:27
This is how my school advertises safe sex,Retroman360,5974,298,http://i.imgur.com/Vu9CDtS.jpg,2015-02-02 15:37:36
Mobile Game Ads,SrGrafo,101695,1999,https://i.redd.it/3gxnyf55b3o21.jpg,2019-03-24 11:05:56
1997 holiday ad from ToysRUs,chrish_850,6702,273,https://i.redd.it/zmcf12p595x31.jpg,2019-11-06 17:41:03
How is this legal? Dickhead mobile game ads put fake gameplay on their ads to make the game look better- its so annoying!!,Jonhinchliffe10,981,160,https://i.redd.it/eldvn2bln1uy.png,2017-04-27 01:58:17
Final Fantasy VII 1998 ad,Anthony_blackk,4817,523,http://i.imgur.com/1LFp9bs.jpg,2015-02-15 18:43:35
I completely forgot that ads in games already existed in 2005,Ikeblue12,18210,1047,https://i.redd.it/x01jassphwlc1.jpeg,2024-03-02 05:47:01
Another 2003 ad for the Game Boy Advance SP,carsncars,14996,290,https://i.redd.it/xb3jyk63fka61.jpg,2021-01-10 15:35:20
‘Helldivers 2’ Is a Surprise Hit for Sony in an Oversaturated Market,TillI_Collapse,10333,1041,https://www.bloomberg.com/news/newsletters/2024-03-15/-helldivers-2-is-a-surprise-hit-for-sony-in-an-oversaturated-market,2024-03-15 14:13:37
Hyrulian advertisements,Afrotators,2111,174,http://imgur.com/a/VeZvp,2013-05-11 11:08:30
Found this ad in a Nickelodeon magazine from 2004.,bluefootednewt,18435,808,http://i.imgur.com/IsbWCSc.jpg,2014-07-19 21:40:00
Not even advertising it as DLC anymore...,wasabi324,2181,491,http://i.imgur.com/yOqZYgm.png,2014-06-10 05:08:37
7 player Smash at the airport. My life is officially a Switch ad.,Themris,70266,1244,https://i.redd.it/9tcsfxaiwj331.jpg,2019-06-10 10:55:17
Ad for a Sega Game Gear featuring Judge Dredd,ZadocPaet,11637,876,http://i.imgur.com/cfYy0dV.jpg,2014-12-01 08:42:08
